{
  "accuracy": 0.9958992384299942,
  "precision": 0.9959415870864831,
  "recall": 0.9958992384299942,
  "f1": 0.9958432277043384
}