{
  "accuracy": 0.9976608187134502,
  "precision": 0.9976697652370736,
  "recall": 0.9976608187134502,
  "f1": 0.9976404801975456
}